{
  "mean": [
    1500.0, 250000.0, 200000.0, 15.0, 0.5, 0.1, 0.05, 0.02, 120.0, 5000.0,
    1400.0, 200000.0, 180000.0, 12.0, 0.4, 0.08, 0.04, 0.015, 110.0, 4000.0,
    1300.0, 180000.0, 160000.0, 10.0, 0.3, 0.06, 0.03, 0.01, 100.0, 3000.0,
    1200.0, 160000.0, 140000.0, 8.0, 0.25, 0.05, 0.025, 0.008, 90.0, 2500.0,
    1100.0, 140000.0, 120000.0, 6.0, 0.2, 0.04, 0.02, 0.006, 80.0, 2000.0,
    1000.0, 120000.0, 100000.0, 4.0, 0.15, 0.03, 0.015, 0.004, 70.0, 1500.0,
    900.0, 100000.0, 80000.0, 3.0, 0.1, 0.02, 0.01, 0.003, 60.0, 1000.0,
    800.0, 80000.0, 60000.0, 2.0, 0.08, 0.015, 0.008, 0.002, 50.0, 800.0,
    700.0, 60000.0, 40000.0, 1.5, 0.06, 0.01, 0.005, 0.001, 40.0, 600.0,
    600.0, 40000.0, 30000.0, 1.0, 0.04, 0.008, 0.003, 0.0008, 30.0, 400.0,
    500.0, 30000.0, 20000.0, 0.8, 0.03, 0.006, 0.002, 0.0005, 25.0, 300.0,
    400.0, 20000.0, 15000.0, 0.6, 0.02, 0.004, 0.001, 0.0003, 20.0, 200.0,
    300.0, 15000.0, 10000.0, 0.4, 0.015, 0.003, 0.0008, 0.0002, 15.0, 150.0,
    250.0, 10000.0, 8000.0, 0.3, 0.01, 0.002, 0.0005, 0.0001, 12.0, 100.0,
    200.0, 8000.0, 6000.0, 0.2, 0.008, 0.001, 0.0003, 0.00008, 10.0, 80.0
  ],
  "scale": [
    500.0, 100000.0, 80000.0, 5.0, 0.2, 0.05, 0.02, 0.01, 50.0, 2000.0,
    400.0, 80000.0, 60000.0, 4.0, 0.15, 0.04, 0.015, 0.008, 40.0, 1500.0,
    300.0, 60000.0, 40000.0, 3.0, 0.1, 0.03, 0.01, 0.005, 30.0, 1000.0,
    250.0, 40000.0, 30000.0, 2.5, 0.08, 0.025, 0.008, 0.004, 25.0, 800.0,
    200.0, 30000.0, 20000.0, 2.0, 0.06, 0.02, 0.006, 0.003, 20.0, 600.0,
    150.0, 20000.0, 15000.0, 1.5, 0.04, 0.015, 0.004, 0.002, 15.0, 400.0,
    120.0, 15000.0, 10000.0, 1.2, 0.03, 0.01, 0.003, 0.001, 12.0, 300.0,
    100.0, 10000.0, 8000.0, 1.0, 0.025, 0.008, 0.002, 0.0008, 10.0, 200.0,
    80.0, 8000.0, 6000.0, 0.8, 0.02, 0.006, 0.001, 0.0005, 8.0, 150.0,
    60.0, 6000.0, 4000.0, 0.6, 0.015, 0.004, 0.0008, 0.0003, 6.0, 100.0,
    50.0, 4000.0, 3000.0, 0.5, 0.01, 0.003, 0.0005, 0.0002, 5.0, 80.0,
    40.0, 3000.0, 2000.0, 0.4, 0.008, 0.002, 0.0003, 0.0001, 4.0, 60.0,
    30.0, 2000.0, 1500.0, 0.3, 0.006, 0.001, 0.0002, 0.00008, 3.0, 40.0,
    25.0, 1500.0, 1000.0, 0.25, 0.004, 0.0008, 0.0001, 0.00005, 2.5, 30.0,
    20.0, 1000.0, 800.0, 0.2, 0.003, 0.0005, 0.00008, 0.00003, 2.0, 20.0
  ],
  "feature_names": [
    "pressure_mean1", "pressure_var1", "total_time1", "num_of_pendown1",
    "mean_speed_on_paper1", "mean_acc_on_paper1", "mean_jerk_on_paper1",
    "disp_index1", "gmrt_on_paper1", "air_time1", "pressure_mean2", "pressure_var2",
    "total_time2", "num_of_pendown2", "mean_speed_on_paper2", "mean_acc_on_paper2",
    "mean_jerk_on_paper2", "disp_index2", "gmrt_on_paper2", "air_time2",
    "pressure_mean3", "pressure_var3", "total_time3", "num_of_pendown3",
    "mean_speed_on_paper3", "mean_acc_on_paper3", "mean_jerk_on_paper3",
    "disp_index3", "gmrt_on_paper3", "air_time3"
  ]
}
