{
  "mean": [
    1760866959352.75,
    10.3,
    309.75,
    1252.6739006132757,
    414.8189776144274,
    12883.3,
    0.6471021296090982,
    0.20188292761890597,
    0.2928442213982503,
    1.0065474769385423
  ],
  "scale": [
    23430600.90463522,
    2.8827070610799157,
    103.63463465463657,
    120.6510461425767,
    81.43023506172162,
    3681.918271770844,
    0.010992298936833202,
    0.005381166769970747,
    0.009336677614274428,
    0.011594752627690578
  ],
  "feature_names": [
    "created_at",
    "stroke_count",
    "total_points",
    "stroke_duration_mean",
    "stroke_duration_std",
    "total_drawing_time",
    "pressure_mean",
    "pressure_std",
    "pressure_min",
    "pressure_max"
  ]
}